<annotation>
	<folder>JPEGImages_X1</folder>
	<filename>Pepper_0205.jpg</filename>
	<path>F:\F_LaJiao_Detection\LaJiao_Dateset\VOC2007\JPEGImages_X1\Pepper_0205.jpg</path>
	<source>
		<database>Unknown</database>
	</source>
	<size>
		<width>3840</width>
		<height>2160</height>
		<depth>3</depth>
	</size>
	<segmented>0</segmented>
	<object>
		<name>Pepper</name>
		<pose>Unspecified</pose>
		<truncated>0</truncated>
		<difficult>0</difficult>
		<bndbox>
			<xmin>1415</xmin>
			<ymin>1228</ymin>
			<xmax>1727</xmax>
			<ymax>1659</ymax>
		</bndbox>
	</object>
	<object>
		<name>Pepper</name>
		<pose>Unspecified</pose>
		<truncated>0</truncated>
		<difficult>0</difficult>
		<bndbox>
			<xmin>1917</xmin>
			<ymin>1403</ymin>
			<xmax>2392</xmax>
			<ymax>1635</ymax>
		</bndbox>
	</object>
	<object>
		<name>Pepper</name>
		<pose>Unspecified</pose>
		<truncated>0</truncated>
		<difficult>0</difficult>
		<bndbox>
			<xmin>2091</xmin>
			<ymin>1433</ymin>
			<xmax>2280</xmax>
			<ymax>1876</ymax>
		</bndbox>
	</object>
	<object>
		<name>Pepper</name>
		<pose>Unspecified</pose>
		<truncated>0</truncated>
		<difficult>0</difficult>
		<bndbox>
			<xmin>1693</xmin>
			<ymin>1053</ymin>
			<xmax>2123</xmax>
			<ymax>1207</ymax>
		</bndbox>
	</object>
	<object>
		<name>Pepper</name>
		<pose>Unspecified</pose>
		<truncated>0</truncated>
		<difficult>0</difficult>
		<bndbox>
			<xmin>1865</xmin>
			<ymin>608</ymin>
			<xmax>2160</xmax>
			<ymax>964</ymax>
		</bndbox>
	</object>
	<object>
		<name>Pepper</name>
		<pose>Unspecified</pose>
		<truncated>0</truncated>
		<difficult>0</difficult>
		<bndbox>
			<xmin>2033</xmin>
			<ymin>563</ymin>
			<xmax>2403</xmax>
			<ymax>736</ymax>
		</bndbox>
	</object>
</annotation>
