<annotation>
	<folder>JPEGImages_X1</folder>
	<filename>Pepper_0243.jpg</filename>
	<path>F:\F_LaJiao_Detection\LaJiao_Dateset\VOC2007\JPEGImages_X1\Pepper_0243.jpg</path>
	<source>
		<database>Unknown</database>
	</source>
	<size>
		<width>3840</width>
		<height>2160</height>
		<depth>3</depth>
	</size>
	<segmented>0</segmented>
	<object>
		<name>Pepper</name>
		<pose>Unspecified</pose>
		<truncated>0</truncated>
		<difficult>0</difficult>
		<bndbox>
			<xmin>458</xmin>
			<ymin>1002</ymin>
			<xmax>668</xmax>
			<ymax>1462</ymax>
		</bndbox>
	</object>
	<object>
		<name>Pepper</name>
		<pose>Unspecified</pose>
		<truncated>0</truncated>
		<difficult>0</difficult>
		<bndbox>
			<xmin>612</xmin>
			<ymin>1172</ymin>
			<xmax>1011</xmax>
			<ymax>1665</ymax>
		</bndbox>
	</object>
	<object>
		<name>Pepper</name>
		<pose>Unspecified</pose>
		<truncated>0</truncated>
		<difficult>0</difficult>
		<bndbox>
			<xmin>1172</xmin>
			<ymin>702</ymin>
			<xmax>1396</xmax>
			<ymax>904</ymax>
		</bndbox>
	</object>
	<object>
		<name>Pepper</name>
		<pose>Unspecified</pose>
		<truncated>0</truncated>
		<difficult>0</difficult>
		<bndbox>
			<xmin>1385</xmin>
			<ymin>745</ymin>
			<xmax>1753</xmax>
			<ymax>952</ymax>
		</bndbox>
	</object>
	<object>
		<name>Pepper</name>
		<pose>Unspecified</pose>
		<truncated>0</truncated>
		<difficult>0</difficult>
		<bndbox>
			<xmin>1234</xmin>
			<ymin>529</ymin>
			<xmax>1696</xmax>
			<ymax>1194</ymax>
		</bndbox>
	</object>
	<object>
		<name>Pepper</name>
		<pose>Unspecified</pose>
		<truncated>0</truncated>
		<difficult>0</difficult>
		<bndbox>
			<xmin>1791</xmin>
			<ymin>1017</ymin>
			<xmax>2119</xmax>
			<ymax>1184</ymax>
		</bndbox>
	</object>
	<object>
		<name>Pepper</name>
		<pose>Unspecified</pose>
		<truncated>0</truncated>
		<difficult>0</difficult>
		<bndbox>
			<xmin>1634</xmin>
			<ymin>197</ymin>
			<xmax>1922</xmax>
			<ymax>836</ymax>
		</bndbox>
	</object>
	<object>
		<name>Pepper</name>
		<pose>Unspecified</pose>
		<truncated>0</truncated>
		<difficult>0</difficult>
		<bndbox>
			<xmin>2286</xmin>
			<ymin>467</ymin>
			<xmax>2452</xmax>
			<ymax>840</ymax>
		</bndbox>
	</object>
	<object>
		<name>Pepper</name>
		<pose>Unspecified</pose>
		<truncated>0</truncated>
		<difficult>0</difficult>
		<bndbox>
			<xmin>2295</xmin>
			<ymin>343</ymin>
			<xmax>2352</xmax>
			<ymax>453</ymax>
		</bndbox>
	</object>
</annotation>
