<annotation>
	<folder>JPEGImages_X1</folder>
	<filename>Pepper_0369.jpg</filename>
	<path>F:\F_LaJiao_Detection\LaJiao_Dateset\VOC2007\JPEGImages_X1\Pepper_0369.jpg</path>
	<source>
		<database>Unknown</database>
	</source>
	<size>
		<width>3840</width>
		<height>2160</height>
		<depth>3</depth>
	</size>
	<segmented>0</segmented>
	<object>
		<name>Pepper</name>
		<pose>Unspecified</pose>
		<truncated>0</truncated>
		<difficult>0</difficult>
		<bndbox>
			<xmin>682</xmin>
			<ymin>304</ymin>
			<xmax>1387</xmax>
			<ymax>796</ymax>
		</bndbox>
	</object>
	<object>
		<name>Pepper</name>
		<pose>Unspecified</pose>
		<truncated>0</truncated>
		<difficult>0</difficult>
		<bndbox>
			<xmin>1168</xmin>
			<ymin>801</ymin>
			<xmax>1306</xmax>
			<ymax>1175</ymax>
		</bndbox>
	</object>
	<object>
		<name>Pepper</name>
		<pose>Unspecified</pose>
		<truncated>0</truncated>
		<difficult>0</difficult>
		<bndbox>
			<xmin>1490</xmin>
			<ymin>539</ymin>
			<xmax>1635</xmax>
			<ymax>915</ymax>
		</bndbox>
	</object>
	<object>
		<name>Pepper</name>
		<pose>Unspecified</pose>
		<truncated>0</truncated>
		<difficult>0</difficult>
		<bndbox>
			<xmin>1543</xmin>
			<ymin>932</ymin>
			<xmax>1665</xmax>
			<ymax>1216</ymax>
		</bndbox>
	</object>
	<object>
		<name>Pepper</name>
		<pose>Unspecified</pose>
		<truncated>0</truncated>
		<difficult>0</difficult>
		<bndbox>
			<xmin>1633</xmin>
			<ymin>529</ymin>
			<xmax>1747</xmax>
			<ymax>1332</ymax>
		</bndbox>
	</object>
	<object>
		<name>Pepper</name>
		<pose>Unspecified</pose>
		<truncated>0</truncated>
		<difficult>0</difficult>
		<bndbox>
			<xmin>2067</xmin>
			<ymin>637</ymin>
			<xmax>2708</xmax>
			<ymax>1157</ymax>
		</bndbox>
	</object>
	<object>
		<name>Pepper</name>
		<pose>Unspecified</pose>
		<truncated>0</truncated>
		<difficult>0</difficult>
		<bndbox>
			<xmin>1421</xmin>
			<ymin>1532</ymin>
			<xmax>1512</xmax>
			<ymax>1748</ymax>
		</bndbox>
	</object>
	<object>
		<name>Pepper</name>
		<pose>Unspecified</pose>
		<truncated>0</truncated>
		<difficult>0</difficult>
		<bndbox>
			<xmin>906</xmin>
			<ymin>1294</ymin>
			<xmax>1189</xmax>
			<ymax>1500</ymax>
		</bndbox>
	</object>
	<object>
		<name>Pepper</name>
		<pose>Unspecified</pose>
		<truncated>0</truncated>
		<difficult>0</difficult>
		<bndbox>
			<xmin>1037</xmin>
			<ymin>1232</ymin>
			<xmax>1151</xmax>
			<ymax>1339</ymax>
		</bndbox>
	</object>
	<object>
		<name>Pepper</name>
		<pose>Unspecified</pose>
		<truncated>0</truncated>
		<difficult>0</difficult>
		<bndbox>
			<xmin>1059</xmin>
			<ymin>1475</ymin>
			<xmax>1279</xmax>
			<ymax>1607</ymax>
		</bndbox>
	</object>
	<object>
		<name>Pepper</name>
		<pose>Unspecified</pose>
		<truncated>0</truncated>
		<difficult>0</difficult>
		<bndbox>
			<xmin>2916</xmin>
			<ymin>210</ymin>
			<xmax>3003</xmax>
			<ymax>397</ymax>
		</bndbox>
	</object>
	<object>
		<name>Pepper</name>
		<pose>Unspecified</pose>
		<truncated>0</truncated>
		<difficult>0</difficult>
		<bndbox>
			<xmin>3117</xmin>
			<ymin>299</ymin>
			<xmax>3311</xmax>
			<ymax>594</ymax>
		</bndbox>
	</object>
	<object>
		<name>Pepper</name>
		<pose>Unspecified</pose>
		<truncated>0</truncated>
		<difficult>0</difficult>
		<bndbox>
			<xmin>3202</xmin>
			<ymin>104</ymin>
			<xmax>3459</xmax>
			<ymax>639</ymax>
		</bndbox>
	</object>
	<object>
		<name>Pepper</name>
		<pose>Unspecified</pose>
		<truncated>1</truncated>
		<difficult>0</difficult>
		<bndbox>
			<xmin>3694</xmin>
			<ymin>634</ymin>
			<xmax>3840</xmax>
			<ymax>727</ymax>
		</bndbox>
	</object>
</annotation>
