<annotation>
	<folder>JPEGImages_X1</folder>
	<filename>Pepper_0136.jpg</filename>
	<path>F:\F_LaJiao_Detection\LaJiao_Dateset\VOC2007\JPEGImages_X1\Pepper_0136.jpg</path>
	<source>
		<database>Unknown</database>
	</source>
	<size>
		<width>3840</width>
		<height>2160</height>
		<depth>3</depth>
	</size>
	<segmented>0</segmented>
	<object>
		<name>Pepper</name>
		<pose>Unspecified</pose>
		<truncated>0</truncated>
		<difficult>0</difficult>
		<bndbox>
			<xmin>919</xmin>
			<ymin>881</ymin>
			<xmax>1162</xmax>
			<ymax>1467</ymax>
		</bndbox>
	</object>
	<object>
		<name>Pepper</name>
		<pose>Unspecified</pose>
		<truncated>0</truncated>
		<difficult>0</difficult>
		<bndbox>
			<xmin>1243</xmin>
			<ymin>1116</ymin>
			<xmax>1433</xmax>
			<ymax>1494</ymax>
		</bndbox>
	</object>
	<object>
		<name>Pepper</name>
		<pose>Unspecified</pose>
		<truncated>0</truncated>
		<difficult>0</difficult>
		<bndbox>
			<xmin>2121</xmin>
			<ymin>1211</ymin>
			<xmax>2393</xmax>
			<ymax>1500</ymax>
		</bndbox>
	</object>
</annotation>
