<annotation>
	<folder>JPEGImages_X1</folder>
	<filename>Pepper_0335.jpg</filename>
	<path>F:\F_LaJiao_Detection\LaJiao_Dateset\VOC2007\JPEGImages_X1\Pepper_0335.jpg</path>
	<source>
		<database>Unknown</database>
	</source>
	<size>
		<width>3840</width>
		<height>2160</height>
		<depth>3</depth>
	</size>
	<segmented>0</segmented>
	<object>
		<name>Pepper</name>
		<pose>Unspecified</pose>
		<truncated>0</truncated>
		<difficult>0</difficult>
		<bndbox>
			<xmin>1583</xmin>
			<ymin>1301</ymin>
			<xmax>2217</xmax>
			<ymax>2013</ymax>
		</bndbox>
	</object>
	<object>
		<name>Pepper</name>
		<pose>Unspecified</pose>
		<truncated>0</truncated>
		<difficult>0</difficult>
		<bndbox>
			<xmin>2135</xmin>
			<ymin>1085</ymin>
			<xmax>2416</xmax>
			<ymax>1807</ymax>
		</bndbox>
	</object>
</annotation>
